{"cameraMode":{"drawMode":0,"name":"Shaded","section":"Shading Mode"},"sceneLighting":false,"audioPlay":false,"sceneViewState":{"m_AlwaysRefresh":false,"showFog":true,"showSkybox":false,"showFlares":true,"showImageEffects":true,"showParticleSystems":true,"showVisualEffectGraphs":true,"m_FxEnabled":true},"in2DMode":false,"pivot":{"x":-124.4000015258789,"y":12.991926193237305,"z":1.0317554473876954},"rotation":{"x":-0.016756650060415269,"y":-0.7625467777252197,"z":0.019627250730991365,"w":-0.6464770436286926},"size":27.116073608398439,"orthographic":true}